"ID","Exited"
1,"No"
2,"No"
3,"No"
4,"No"
5,"No"
6,"Yes"
7,"Yes"
8,"No"
9,"Yes"
10,"No"
11,"Yes"
12,"Yes"
13,"No"
14,"No"
15,"No"
16,"No"
17,"No"
18,"No"
19,"No"
20,"No"
21,"No"
22,"No"
23,"No"
24,"No"
25,"No"
26,"No"
27,"No"
28,"No"
29,"No"
30,"No"
31,"No"
32,"No"
33,"No"
34,"No"
35,"No"
36,"No"
37,"No"
38,"No"
39,"Yes"
40,"No"
41,"No"
42,"No"
43,"No"
44,"Yes"
45,"No"
46,"No"
47,"Yes"
48,"No"
49,"Yes"
50,"Yes"
51,"No"
52,"No"
53,"Yes"
54,"No"
55,"No"
56,"Yes"
57,"Yes"
58,"No"
59,"No"
60,"Yes"
61,"Yes"
62,"Yes"
63,"Yes"
64,"No"
65,"No"
66,"No"
67,"No"
68,"Yes"
69,"No"
70,"No"
71,"Yes"
72,"Yes"
73,"No"
74,"No"
75,"No"
76,"No"
77,"No"
78,"No"
79,"No"
80,"No"
81,"Yes"
82,"Yes"
83,"No"
84,"No"
85,"Yes"
86,"No"
87,"Yes"
88,"No"
89,"No"
90,"No"
91,"Yes"
92,"No"
93,"No"
94,"No"
95,"No"
96,"Yes"
97,"Yes"
98,"No"
99,"No"
100,"No"
101,"No"
102,"No"
103,"No"
104,"Yes"
105,"No"
106,"No"
107,"No"
108,"No"
109,"No"
110,"No"
111,"No"
112,"No"
113,"No"
114,"Yes"
115,"No"
116,"No"
117,"No"
118,"Yes"
119,"Yes"
120,"Yes"
121,"No"
122,"No"
123,"Yes"
124,"Yes"
125,"Yes"
126,"No"
127,"No"
128,"No"
129,"No"
130,"No"
131,"No"
132,"No"
133,"Yes"
134,"Yes"
135,"No"
136,"Yes"
137,"No"
138,"No"
139,"No"
140,"Yes"
141,"No"
142,"No"
143,"Yes"
144,"No"
145,"No"
146,"Yes"
147,"No"
148,"No"
149,"No"
150,"Yes"
151,"No"
152,"No"
153,"No"
154,"Yes"
155,"No"
156,"No"
157,"No"
158,"Yes"
159,"Yes"
160,"No"
161,"No"
162,"Yes"
163,"No"
164,"No"
165,"Yes"
166,"No"
167,"No"
168,"No"
169,"Yes"
170,"No"
171,"No"
172,"No"
173,"No"
174,"Yes"
175,"No"
176,"No"
177,"No"
178,"No"
179,"No"
180,"Yes"
181,"No"
182,"No"
183,"No"
184,"No"
185,"No"
186,"No"
187,"No"
188,"Yes"
189,"Yes"
190,"No"
191,"Yes"
192,"Yes"
193,"No"
194,"No"
195,"No"
196,"No"
197,"No"
198,"No"
199,"No"
200,"No"
201,"No"
202,"No"
203,"No"
204,"Yes"
205,"No"
206,"No"
207,"No"
208,"No"
209,"No"
210,"No"
211,"No"
212,"No"
213,"No"
214,"No"
215,"No"
216,"Yes"
217,"No"
218,"No"
219,"Yes"
220,"Yes"
221,"No"
222,"Yes"
223,"No"
224,"No"
225,"No"
226,"Yes"
227,"Yes"
228,"No"
229,"No"
230,"No"
231,"No"
232,"Yes"
233,"No"
234,"No"
235,"No"
236,"No"
237,"Yes"
238,"No"
239,"No"
240,"No"
241,"Yes"
242,"No"
243,"No"
244,"No"
245,"No"
246,"No"
247,"No"
248,"No"
249,"No"
250,"Yes"
251,"No"
252,"No"
253,"No"
254,"No"
255,"No"
256,"Yes"
257,"No"
258,"Yes"
259,"Yes"
260,"No"
261,"Yes"
262,"No"
263,"No"
264,"No"
265,"No"
266,"No"
267,"No"
268,"Yes"
269,"No"
270,"No"
271,"No"
272,"No"
273,"Yes"
274,"Yes"
275,"No"
276,"Yes"
277,"Yes"
278,"No"
279,"No"
280,"No"
281,"Yes"
282,"No"
283,"Yes"
284,"Yes"
285,"No"
286,"No"
287,"No"
288,"No"
289,"No"
290,"Yes"
291,"No"
292,"Yes"
293,"Yes"
294,"No"
295,"Yes"
296,"No"
297,"No"
298,"No"
299,"No"
300,"Yes"
301,"Yes"
302,"No"
303,"No"
304,"No"
305,"Yes"
306,"Yes"
307,"Yes"
308,"No"
309,"Yes"
310,"No"
311,"No"
312,"No"
313,"No"
314,"No"
315,"Yes"
316,"Yes"
317,"Yes"
318,"No"
319,"No"
320,"No"
321,"Yes"
322,"Yes"
323,"No"
324,"No"
325,"Yes"
326,"Yes"
327,"No"
328,"No"
329,"No"
330,"No"
331,"No"
332,"No"
333,"No"
334,"No"
335,"No"
336,"No"
337,"No"
338,"Yes"
339,"Yes"
340,"Yes"
341,"Yes"
342,"Yes"
343,"No"
344,"No"
345,"No"
346,"No"
347,"No"
348,"No"
349,"No"
350,"No"
351,"No"
352,"No"
353,"Yes"
354,"Yes"
355,"No"
356,"No"
357,"No"
358,"No"
359,"No"
360,"No"
361,"No"
362,"No"
363,"No"
364,"No"
365,"No"
366,"No"
367,"No"
368,"Yes"
369,"No"
370,"No"
371,"No"
372,"No"
373,"Yes"
374,"No"
375,"Yes"
376,"No"
377,"No"
378,"Yes"
379,"No"
380,"No"
381,"No"
382,"Yes"
383,"Yes"
384,"No"
385,"No"
386,"No"
387,"Yes"
388,"Yes"
389,"Yes"
390,"Yes"
391,"No"
392,"No"
393,"Yes"
394,"No"
395,"Yes"
396,"Yes"
397,"No"
398,"No"
399,"No"
400,"No"
401,"No"
402,"No"
403,"No"
404,"No"
405,"No"
406,"Yes"
407,"Yes"
408,"Yes"
409,"Yes"
410,"No"
411,"No"
412,"Yes"
413,"Yes"
414,"No"
415,"Yes"
416,"Yes"
417,"No"
418,"No"
419,"No"
420,"No"
421,"Yes"
422,"Yes"
423,"No"
424,"No"
425,"No"
426,"No"
427,"Yes"
428,"No"
429,"No"
430,"No"
431,"No"
432,"No"
433,"No"
434,"Yes"
435,"Yes"
436,"No"
437,"Yes"
438,"No"
439,"Yes"
440,"No"
441,"No"
442,"No"
443,"No"
444,"No"
445,"Yes"
446,"Yes"
447,"No"
448,"No"
449,"No"
450,"No"
451,"No"
452,"No"
453,"No"
454,"No"
455,"No"
456,"Yes"
457,"No"
458,"Yes"
459,"No"
460,"No"
461,"No"
462,"No"
463,"No"
464,"No"
465,"Yes"
466,"No"
467,"No"
468,"No"
469,"No"
470,"No"
471,"Yes"
472,"No"
473,"No"
474,"No"
475,"No"
476,"Yes"
477,"No"
478,"No"
479,"No"
480,"No"
481,"Yes"
482,"Yes"
483,"No"
484,"No"
485,"No"
486,"Yes"
487,"Yes"
488,"Yes"
489,"No"
490,"Yes"
491,"Yes"
492,"Yes"
493,"Yes"
494,"Yes"
495,"No"
496,"No"
497,"No"
498,"Yes"
499,"No"
500,"No"
501,"No"
502,"No"
503,"No"
504,"Yes"
505,"Yes"
506,"No"
507,"No"
508,"Yes"
509,"No"
510,"No"
511,"No"
512,"No"
513,"No"
514,"No"
515,"No"
516,"No"
517,"No"
518,"Yes"
519,"No"
520,"No"
521,"No"
522,"No"
523,"No"
524,"No"
525,"No"
526,"No"
527,"No"
528,"No"
529,"No"
530,"No"
531,"No"
532,"No"
533,"No"
534,"No"
535,"No"
536,"No"
537,"No"
538,"No"
539,"No"
540,"No"
541,"No"
542,"No"
543,"No"
544,"No"
545,"No"
546,"No"
547,"No"
548,"No"
549,"Yes"
550,"Yes"
551,"Yes"
552,"Yes"
553,"No"
554,"No"
555,"No"
556,"No"
557,"Yes"
558,"No"
559,"No"
560,"No"
561,"No"
562,"No"
563,"No"
564,"Yes"
565,"No"
566,"Yes"
567,"No"
568,"Yes"
569,"No"
570,"Yes"
571,"No"
572,"No"
573,"No"
574,"No"
575,"Yes"
576,"No"
577,"Yes"
578,"No"
579,"Yes"
580,"Yes"
581,"Yes"
582,"No"
583,"Yes"
584,"No"
585,"Yes"
586,"No"
587,"No"
588,"No"
589,"Yes"
590,"Yes"
591,"No"
592,"Yes"
593,"No"
594,"No"
595,"Yes"
596,"No"
597,"No"
598,"Yes"
599,"Yes"
600,"No"
601,"Yes"
602,"No"
603,"No"
604,"No"
605,"Yes"
606,"No"
607,"No"
608,"No"
609,"No"
610,"Yes"
611,"No"
612,"No"
613,"No"
614,"Yes"
615,"No"
616,"No"
617,"No"
618,"Yes"
619,"Yes"
620,"No"
621,"No"
622,"No"
623,"No"
624,"No"
625,"No"
626,"No"
627,"No"
628,"No"
629,"No"
630,"No"
631,"No"
632,"No"
633,"Yes"
634,"No"
635,"Yes"
636,"No"
637,"Yes"
638,"Yes"
639,"No"
640,"No"
641,"No"
642,"No"
643,"Yes"
644,"Yes"
645,"Yes"
646,"Yes"
647,"Yes"
648,"No"
649,"No"
650,"No"
651,"No"
652,"No"
653,"Yes"
654,"Yes"
655,"No"
656,"No"
657,"No"
658,"No"
659,"No"
660,"No"
661,"No"
662,"Yes"
663,"No"
664,"No"
665,"No"
666,"No"
667,"No"
668,"Yes"
669,"No"
670,"No"
671,"No"
672,"No"
673,"Yes"
674,"No"
675,"No"
676,"No"
677,"Yes"
678,"No"
679,"Yes"
680,"No"
681,"No"
682,"No"
683,"Yes"
684,"No"
685,"No"
686,"No"
687,"Yes"
688,"No"
689,"No"
690,"No"
691,"No"
692,"No"
693,"No"
694,"No"
695,"No"
696,"No"
697,"No"
698,"No"
699,"No"
700,"Yes"
701,"No"
702,"No"
703,"No"
704,"Yes"
705,"Yes"
706,"No"
707,"No"
708,"No"
709,"Yes"
710,"No"
711,"No"
712,"No"
713,"No"
714,"Yes"
715,"Yes"
716,"No"
717,"No"
718,"No"
719,"Yes"
720,"No"
721,"Yes"
722,"No"
723,"No"
724,"No"
725,"No"
726,"No"
727,"No"
728,"No"
729,"No"
730,"No"
731,"Yes"
732,"No"
733,"No"
734,"No"
735,"Yes"
736,"Yes"
737,"No"
738,"No"
739,"No"
740,"No"
741,"No"
742,"No"
743,"Yes"
744,"Yes"
745,"No"
746,"Yes"
747,"Yes"
748,"Yes"
749,"No"
750,"No"
751,"No"
752,"No"
753,"No"
754,"No"
755,"Yes"
756,"No"
757,"No"
758,"No"
759,"No"
760,"No"
761,"No"
762,"No"
763,"No"
764,"No"
765,"No"
766,"No"
767,"No"
768,"No"
769,"No"
770,"No"
771,"No"
772,"No"
773,"No"
774,"No"
775,"No"
776,"Yes"
777,"Yes"
778,"No"
779,"Yes"
780,"Yes"
781,"No"
782,"No"
783,"Yes"
784,"No"
785,"No"
786,"No"
787,"No"
788,"Yes"
789,"No"
790,"No"
791,"Yes"
792,"Yes"
793,"No"
794,"No"
795,"Yes"
796,"No"
797,"No"
798,"No"
799,"No"
800,"No"
801,"Yes"
802,"No"
803,"Yes"
804,"No"
805,"Yes"
806,"No"
807,"No"
808,"No"
809,"No"
810,"Yes"
811,"No"
812,"No"
813,"No"
814,"No"
815,"Yes"
816,"Yes"
817,"No"
818,"No"
819,"No"
820,"Yes"
821,"No"
822,"No"
823,"No"
824,"No"
825,"No"
826,"Yes"
827,"No"
828,"No"
829,"No"
830,"No"
831,"Yes"
832,"Yes"
833,"Yes"
834,"No"
835,"Yes"
836,"No"
837,"No"
838,"No"
839,"No"
840,"No"
841,"No"
842,"No"
843,"No"
844,"No"
845,"No"
846,"Yes"
847,"No"
848,"No"
849,"No"
850,"Yes"
851,"Yes"
852,"Yes"
853,"Yes"
854,"No"
855,"No"
856,"No"
857,"No"
858,"Yes"
859,"Yes"
860,"No"
861,"No"
862,"No"
863,"No"
864,"No"
865,"Yes"
866,"No"
867,"Yes"
868,"No"
869,"No"
870,"No"
871,"Yes"
872,"Yes"
873,"No"
874,"Yes"
875,"Yes"
876,"Yes"
877,"Yes"
878,"No"
879,"Yes"
880,"No"
881,"Yes"
882,"No"
883,"Yes"
884,"Yes"
885,"Yes"
886,"Yes"
887,"Yes"
888,"No"
889,"Yes"
890,"Yes"
891,"No"
892,"No"
893,"No"
894,"No"
895,"No"
896,"No"
897,"No"
898,"No"
899,"No"
900,"No"
901,"Yes"
902,"No"
903,"No"
904,"No"
905,"No"
906,"No"
907,"Yes"
908,"No"
909,"No"
910,"No"
911,"Yes"
912,"No"
913,"No"
914,"Yes"
915,"No"
916,"No"
917,"No"
918,"No"
919,"No"
920,"No"
921,"No"
922,"No"
923,"No"
924,"No"
925,"No"
926,"No"
927,"No"
928,"Yes"
929,"No"
930,"No"
931,"No"
932,"Yes"
933,"Yes"
934,"No"
935,"No"
936,"No"
937,"No"
938,"Yes"
939,"Yes"
940,"No"
941,"No"
942,"Yes"
943,"Yes"
944,"Yes"
945,"No"
946,"No"
947,"No"
948,"No"
949,"Yes"
950,"No"
951,"No"
952,"No"
953,"No"
954,"No"
955,"Yes"
956,"No"
957,"No"
958,"No"
959,"Yes"
960,"Yes"
961,"No"
962,"No"
963,"No"
964,"No"
965,"Yes"
966,"Yes"
967,"No"
968,"No"
969,"No"
970,"Yes"
971,"No"
972,"No"
973,"No"
974,"No"
975,"No"
976,"No"
977,"No"
978,"No"
979,"No"
980,"No"
981,"Yes"
982,"No"
983,"No"
984,"Yes"
985,"Yes"
986,"Yes"
987,"No"
988,"No"
989,"No"
990,"No"
991,"No"
992,"No"
993,"No"
994,"No"
995,"No"
996,"No"
997,"No"
998,"Yes"
999,"No"
1000,"No"
1001,"No"
1002,"No"
1003,"No"
1004,"Yes"
1005,"No"
1006,"No"
1007,"No"
1008,"No"
1009,"No"
1010,"Yes"
1011,"No"
1012,"No"
1013,"Yes"
1014,"No"
1015,"No"
1016,"Yes"
1017,"No"
1018,"No"
1019,"No"
1020,"No"
1021,"Yes"
1022,"No"
1023,"No"
1024,"Yes"
1025,"No"
1026,"No"
1027,"No"
1028,"No"
1029,"Yes"
1030,"No"
1031,"No"
1032,"No"
1033,"No"
1034,"Yes"
1035,"No"
1036,"Yes"
1037,"No"
1038,"Yes"
1039,"Yes"
1040,"No"
1041,"No"
1042,"Yes"
1043,"No"
1044,"No"
1045,"Yes"
1046,"No"
1047,"Yes"
1048,"No"
1049,"No"
1050,"Yes"
1051,"No"
1052,"No"
1053,"Yes"
1054,"Yes"
1055,"No"
1056,"No"
1057,"No"
1058,"Yes"
1059,"No"
1060,"No"
1061,"No"
1062,"No"
1063,"No"
1064,"Yes"
1065,"No"
1066,"No"
1067,"No"
1068,"No"
1069,"No"
1070,"No"
1071,"Yes"
1072,"Yes"
1073,"No"
1074,"No"
1075,"No"
1076,"No"
1077,"Yes"
1078,"Yes"
1079,"No"
1080,"Yes"
1081,"No"
1082,"No"
1083,"No"
1084,"Yes"
1085,"No"
1086,"No"
1087,"No"
1088,"No"
1089,"Yes"
1090,"No"
1091,"Yes"
1092,"No"
1093,"No"
1094,"No"
1095,"No"
1096,"Yes"
1097,"No"
1098,"No"
1099,"No"
1100,"No"
1101,"No"
1102,"No"
1103,"No"
1104,"No"
1105,"Yes"
1106,"No"
1107,"No"
1108,"No"
1109,"No"
1110,"Yes"
1111,"Yes"
1112,"No"
1113,"No"
1114,"No"
1115,"No"
1116,"No"
1117,"No"
1118,"No"
1119,"Yes"
1120,"No"
1121,"No"
1122,"No"
1123,"No"
1124,"No"
1125,"No"
1126,"No"
1127,"No"
1128,"No"
1129,"Yes"
1130,"Yes"
1131,"No"
1132,"No"
1133,"No"
1134,"No"
1135,"No"
1136,"Yes"
1137,"Yes"
1138,"No"
1139,"Yes"
1140,"No"
1141,"No"
1142,"No"
1143,"No"
1144,"No"
1145,"No"
1146,"No"
1147,"No"
1148,"Yes"
1149,"Yes"
1150,"No"
1151,"No"
1152,"No"
1153,"No"
1154,"No"
1155,"No"
1156,"Yes"
1157,"No"
1158,"No"
1159,"No"
1160,"No"
1161,"No"
1162,"No"
1163,"No"
1164,"No"
1165,"No"
1166,"No"
1167,"No"
1168,"No"
1169,"No"
1170,"Yes"
1171,"No"
1172,"No"
1173,"No"
1174,"Yes"
1175,"Yes"
1176,"No"
1177,"No"
1178,"No"
1179,"No"
1180,"Yes"
1181,"No"
1182,"No"
1183,"No"
1184,"No"
1185,"Yes"
1186,"No"
1187,"No"
1188,"No"
1189,"No"
1190,"No"
1191,"No"
1192,"No"
1193,"No"
1194,"No"
1195,"No"
1196,"No"
1197,"Yes"
1198,"No"
1199,"No"
1200,"Yes"
1201,"Yes"
1202,"Yes"
1203,"Yes"
1204,"No"
1205,"Yes"
1206,"Yes"
1207,"No"
1208,"No"
1209,"No"
1210,"No"
1211,"No"
1212,"No"
1213,"Yes"
1214,"No"
1215,"Yes"
1216,"No"
1217,"No"
1218,"No"
1219,"No"
1220,"No"
1221,"No"
1222,"No"
1223,"Yes"
1224,"Yes"
1225,"No"
1226,"No"
1227,"No"
1228,"No"
1229,"No"
1230,"No"
1231,"No"
1232,"No"
1233,"No"
1234,"No"
1235,"No"
1236,"Yes"
1237,"Yes"
1238,"No"
1239,"Yes"
1240,"No"
1241,"Yes"
1242,"No"
1243,"No"
1244,"Yes"
1245,"No"
1246,"Yes"
1247,"No"
1248,"Yes"
1249,"No"
1250,"No"
1251,"No"
1252,"Yes"
1253,"Yes"
1254,"No"
1255,"Yes"
1256,"Yes"
1257,"No"
1258,"No"
1259,"No"
1260,"Yes"
1261,"Yes"
1262,"Yes"
1263,"No"
1264,"No"
1265,"No"
1266,"Yes"
1267,"No"
1268,"No"
1269,"No"
1270,"No"
1271,"No"
1272,"No"
1273,"No"
1274,"No"
1275,"Yes"
1276,"No"
1277,"No"
1278,"Yes"
1279,"Yes"
1280,"No"
1281,"No"
1282,"No"
1283,"Yes"
1284,"Yes"
1285,"No"
1286,"No"
1287,"No"
1288,"No"
1289,"Yes"
1290,"No"
1291,"No"
1292,"No"
1293,"No"
1294,"No"
1295,"No"
1296,"No"
1297,"No"
1298,"Yes"
1299,"No"
1300,"No"
1301,"No"
1302,"No"
1303,"No"
1304,"No"
1305,"No"
1306,"No"
1307,"No"
1308,"No"
1309,"No"
1310,"Yes"
1311,"No"
1312,"No"
1313,"No"
1314,"Yes"
1315,"No"
1316,"No"
1317,"No"
1318,"Yes"
1319,"No"
1320,"Yes"
1321,"No"
1322,"Yes"
1323,"Yes"
1324,"No"
1325,"No"
1326,"No"
1327,"No"
1328,"No"
1329,"No"
1330,"No"
1331,"Yes"
1332,"No"
1333,"No"
1334,"Yes"
1335,"No"
1336,"Yes"
1337,"No"
1338,"Yes"
1339,"No"
1340,"Yes"
1341,"No"
1342,"Yes"
1343,"No"
1344,"No"
1345,"No"
1346,"No"
1347,"Yes"
1348,"Yes"
1349,"Yes"
1350,"Yes"
1351,"No"
1352,"Yes"
1353,"No"
1354,"No"
1355,"No"
1356,"No"
1357,"No"
1358,"No"
1359,"No"
1360,"No"
1361,"No"
1362,"No"
1363,"No"
1364,"Yes"
1365,"No"
1366,"Yes"
1367,"Yes"
1368,"No"
1369,"No"
1370,"Yes"
1371,"No"
1372,"Yes"
1373,"No"
1374,"No"
1375,"No"
1376,"No"
1377,"No"
1378,"No"
1379,"No"
1380,"Yes"
1381,"No"
1382,"No"
1383,"No"
1384,"Yes"
1385,"No"
1386,"No"
1387,"No"
1388,"No"
1389,"Yes"
1390,"No"
1391,"Yes"
1392,"No"
1393,"No"
1394,"No"
1395,"Yes"
1396,"No"
1397,"Yes"
1398,"Yes"
1399,"No"
1400,"Yes"
1401,"No"
1402,"No"
1403,"No"
1404,"Yes"
1405,"No"
1406,"Yes"
1407,"No"
1408,"No"
1409,"No"
1410,"No"
1411,"No"
1412,"No"
1413,"No"
1414,"No"
1415,"No"
1416,"No"
1417,"No"
1418,"No"
1419,"Yes"
1420,"No"
1421,"Yes"
1422,"Yes"
1423,"No"
1424,"No"
1425,"No"
1426,"Yes"
1427,"No"
1428,"No"
1429,"No"
1430,"No"
1431,"No"
1432,"No"
1433,"No"
1434,"Yes"
1435,"No"
1436,"Yes"
1437,"No"
1438,"No"
1439,"No"
1440,"Yes"
1441,"No"
1442,"No"
1443,"Yes"
1444,"No"
1445,"No"
1446,"No"
1447,"No"
1448,"No"
1449,"No"
1450,"Yes"
1451,"No"
1452,"Yes"
1453,"Yes"
1454,"No"
1455,"No"
1456,"Yes"
1457,"No"
1458,"Yes"
1459,"Yes"
1460,"No"
1461,"No"
1462,"Yes"
1463,"Yes"
1464,"Yes"
1465,"No"
1466,"Yes"
1467,"Yes"
1468,"No"
1469,"Yes"
1470,"No"
1471,"No"
1472,"No"
1473,"No"
1474,"Yes"
1475,"No"
1476,"Yes"
1477,"Yes"
1478,"Yes"
1479,"No"
1480,"No"
1481,"No"
1482,"No"
1483,"No"
1484,"No"
1485,"Yes"
1486,"No"
1487,"Yes"
1488,"No"
1489,"Yes"
1490,"Yes"
1491,"Yes"
1492,"No"
1493,"No"
1494,"No"
1495,"No"
1496,"No"
1497,"No"
1498,"No"
1499,"No"
1500,"No"
1501,"No"
1502,"No"
1503,"Yes"
1504,"Yes"
1505,"No"
1506,"No"
1507,"No"
1508,"No"
1509,"No"
1510,"Yes"
1511,"Yes"
1512,"No"
1513,"No"
1514,"No"
1515,"Yes"
1516,"Yes"
1517,"No"
1518,"No"
1519,"No"
1520,"No"
1521,"No"
1522,"No"
1523,"Yes"
1524,"No"
1525,"No"
1526,"Yes"
1527,"Yes"
1528,"No"
1529,"Yes"
1530,"No"
1531,"No"
1532,"No"
1533,"Yes"
1534,"No"
1535,"No"
1536,"No"
1537,"No"
1538,"Yes"
1539,"Yes"
1540,"Yes"
1541,"No"
1542,"No"
1543,"No"
1544,"No"
1545,"No"
1546,"No"
1547,"No"
1548,"No"
1549,"Yes"
1550,"Yes"
1551,"Yes"
1552,"No"
1553,"No"
1554,"No"
1555,"No"
1556,"No"
1557,"No"
1558,"Yes"
1559,"Yes"
1560,"No"
1561,"Yes"
1562,"No"
1563,"No"
1564,"No"
1565,"No"
1566,"No"
1567,"No"
1568,"Yes"
1569,"No"
1570,"No"
1571,"No"
1572,"Yes"
1573,"Yes"
1574,"No"
1575,"No"
1576,"No"
1577,"No"
1578,"No"
1579,"No"
1580,"No"
1581,"Yes"
1582,"No"
1583,"No"
1584,"No"
1585,"Yes"
1586,"No"
1587,"No"
1588,"No"
1589,"Yes"
1590,"No"
1591,"No"
1592,"No"
1593,"Yes"
1594,"No"
1595,"No"
1596,"No"
1597,"No"
1598,"No"
1599,"Yes"
1600,"No"
1601,"No"
1602,"No"
1603,"Yes"
1604,"No"
1605,"Yes"
1606,"No"
1607,"No"
1608,"No"
1609,"Yes"
1610,"No"
1611,"No"
1612,"No"
1613,"No"
1614,"No"
1615,"No"
1616,"Yes"
1617,"No"
1618,"No"
1619,"No"
1620,"No"
1621,"Yes"
1622,"Yes"
1623,"No"
1624,"No"
1625,"No"
1626,"No"
1627,"No"
1628,"No"
1629,"No"
1630,"No"
1631,"No"
1632,"Yes"
1633,"No"
1634,"No"
1635,"No"
1636,"No"
1637,"No"
1638,"No"
1639,"No"
1640,"No"
1641,"No"
1642,"Yes"
1643,"No"
1644,"Yes"
1645,"Yes"
1646,"No"
1647,"Yes"
1648,"Yes"
1649,"No"
1650,"No"
1651,"No"
1652,"No"
1653,"Yes"
1654,"No"
1655,"No"
1656,"Yes"
1657,"No"
1658,"No"
1659,"Yes"
1660,"No"
1661,"No"
1662,"No"
1663,"No"
1664,"No"
1665,"No"
1666,"Yes"
1667,"No"
1668,"Yes"
1669,"No"
1670,"Yes"
1671,"No"
1672,"No"
1673,"No"
1674,"No"
1675,"No"
1676,"No"
1677,"No"
1678,"No"
1679,"No"
1680,"Yes"
1681,"Yes"
1682,"No"
1683,"No"
1684,"Yes"
1685,"No"
1686,"Yes"
1687,"No"
1688,"No"
1689,"No"
1690,"No"
1691,"No"
1692,"Yes"
1693,"No"
1694,"No"
1695,"Yes"
1696,"No"
1697,"Yes"
1698,"No"
1699,"No"
1700,"Yes"
1701,"No"
1702,"No"
1703,"No"
1704,"No"
1705,"Yes"
1706,"No"
1707,"No"
1708,"No"
1709,"No"
1710,"No"
1711,"No"
1712,"No"
1713,"No"
1714,"No"
1715,"No"
1716,"Yes"
1717,"No"
1718,"No"
1719,"No"
1720,"No"
1721,"No"
1722,"No"
1723,"No"
1724,"Yes"
1725,"No"
1726,"No"
1727,"No"
1728,"No"
1729,"Yes"
1730,"No"
1731,"No"
1732,"No"
1733,"No"
1734,"Yes"
1735,"No"
1736,"No"
1737,"No"
1738,"No"
1739,"No"
1740,"No"
1741,"No"
1742,"Yes"
1743,"No"
1744,"No"
1745,"No"
1746,"Yes"
1747,"No"
1748,"Yes"
1749,"No"
1750,"Yes"
1751,"Yes"
1752,"No"
1753,"No"
1754,"No"
1755,"No"
1756,"No"
1757,"Yes"
1758,"No"
1759,"No"
1760,"No"
1761,"No"
1762,"No"
1763,"No"
1764,"Yes"
1765,"No"
1766,"No"
1767,"No"
1768,"No"
1769,"Yes"
1770,"No"
1771,"No"
1772,"No"
1773,"Yes"
1774,"No"
1775,"No"
1776,"No"
1777,"No"
1778,"No"
1779,"No"
1780,"No"
1781,"Yes"
1782,"No"
1783,"No"
1784,"Yes"
1785,"No"
1786,"No"
1787,"No"
1788,"Yes"
1789,"No"
1790,"No"
1791,"Yes"
1792,"No"
1793,"Yes"
1794,"No"
1795,"Yes"
1796,"No"
1797,"No"
1798,"No"
1799,"No"
1800,"No"
1801,"No"
1802,"No"
1803,"No"
1804,"Yes"
1805,"No"
1806,"No"
1807,"No"
1808,"No"
1809,"No"
1810,"No"
1811,"No"
1812,"No"
1813,"No"
1814,"No"
1815,"No"
1816,"Yes"
1817,"No"
1818,"No"
1819,"No"
1820,"No"
1821,"No"
1822,"No"
1823,"No"
1824,"No"
1825,"Yes"
1826,"No"
1827,"Yes"
1828,"Yes"
1829,"No"
1830,"No"
1831,"No"
1832,"No"
1833,"No"
1834,"No"
1835,"Yes"
1836,"No"
1837,"No"
1838,"No"
1839,"No"
1840,"No"
1841,"No"
1842,"No"
1843,"No"
1844,"No"
1845,"Yes"
1846,"Yes"
1847,"No"
1848,"No"
1849,"Yes"
1850,"No"
1851,"No"
1852,"No"
1853,"No"
1854,"Yes"
1855,"No"
1856,"No"
1857,"No"
1858,"No"
1859,"No"
1860,"No"
1861,"No"
1862,"No"
1863,"No"
1864,"No"
1865,"No"
1866,"Yes"
1867,"Yes"
1868,"No"
1869,"Yes"
1870,"No"
1871,"No"
1872,"Yes"
1873,"No"
1874,"No"
1875,"Yes"
1876,"Yes"
1877,"Yes"
1878,"Yes"
1879,"Yes"
1880,"No"
1881,"No"
1882,"No"
1883,"No"
1884,"No"
1885,"No"
1886,"Yes"
1887,"No"
1888,"No"
1889,"No"
1890,"No"
1891,"No"
1892,"No"
1893,"No"
1894,"Yes"
1895,"Yes"
1896,"No"
1897,"No"
1898,"No"
1899,"Yes"
1900,"No"
1901,"Yes"
1902,"No"
1903,"Yes"
1904,"Yes"
1905,"Yes"
1906,"No"
1907,"Yes"
1908,"Yes"
1909,"No"
1910,"No"
1911,"Yes"
1912,"Yes"
1913,"No"
1914,"No"
1915,"No"
1916,"Yes"
1917,"No"
1918,"No"
1919,"No"
1920,"Yes"
1921,"No"
1922,"No"
1923,"No"
1924,"Yes"
1925,"No"
1926,"No"
1927,"No"
1928,"Yes"
1929,"No"
1930,"Yes"
1931,"No"
1932,"No"
1933,"No"
1934,"No"
1935,"No"
1936,"No"
1937,"No"
1938,"No"
1939,"Yes"
1940,"No"
1941,"No"
1942,"Yes"
1943,"Yes"
1944,"No"
1945,"Yes"
1946,"No"
1947,"No"
1948,"No"
1949,"No"
1950,"No"
1951,"No"
1952,"No"
1953,"No"
1954,"No"
1955,"No"
1956,"Yes"
1957,"No"
1958,"No"
1959,"No"
1960,"No"
1961,"No"
1962,"No"
1963,"No"
1964,"No"
1965,"No"
1966,"No"
1967,"Yes"
1968,"Yes"
1969,"Yes"
1970,"No"
1971,"No"
1972,"Yes"
1973,"No"
1974,"No"
1975,"No"
1976,"Yes"
1977,"No"
1978,"No"
1979,"No"
1980,"No"
1981,"Yes"
1982,"No"
1983,"No"
1984,"No"
1985,"No"
1986,"No"
1987,"No"
1988,"Yes"
1989,"Yes"
1990,"No"
1991,"No"
1992,"No"
1993,"No"
1994,"No"
1995,"No"
1996,"No"
1997,"No"
1998,"No"
1999,"No"
2000,"Yes"
2001,"No"
2002,"No"
2003,"No"
2004,"No"
2005,"No"
2006,"No"
2007,"No"
2008,"No"
2009,"No"
2010,"No"
2011,"Yes"
2012,"No"
2013,"No"
2014,"Yes"
2015,"No"
2016,"No"
2017,"No"
2018,"No"
2019,"Yes"
2020,"No"
2021,"No"
2022,"No"
2023,"No"
2024,"No"
2025,"No"
2026,"No"
2027,"No"
2028,"No"
2029,"No"
2030,"No"
2031,"No"
2032,"No"
2033,"No"
2034,"Yes"
2035,"No"
2036,"Yes"
2037,"No"
2038,"Yes"
2039,"No"
2040,"Yes"
2041,"No"
2042,"Yes"
2043,"Yes"
2044,"No"
2045,"No"
2046,"No"
2047,"No"
2048,"No"
2049,"No"
2050,"No"
2051,"No"
2052,"No"
2053,"No"
2054,"No"
2055,"No"
2056,"Yes"
2057,"No"
2058,"Yes"
2059,"No"
2060,"Yes"
2061,"No"
2062,"Yes"
2063,"Yes"
2064,"No"
2065,"No"
2066,"No"
2067,"No"
2068,"No"
2069,"Yes"
2070,"No"
2071,"No"
2072,"Yes"
2073,"No"
2074,"No"
2075,"Yes"
2076,"No"
2077,"Yes"
2078,"No"
2079,"No"
2080,"No"
2081,"No"
2082,"Yes"
2083,"No"
2084,"Yes"
2085,"No"
2086,"No"
2087,"Yes"
2088,"No"
2089,"Yes"
2090,"No"
2091,"No"
2092,"No"
2093,"No"
2094,"No"
2095,"Yes"
2096,"No"
2097,"No"
2098,"No"
2099,"No"
2100,"No"
2101,"No"
2102,"No"
2103,"No"
2104,"No"
2105,"No"
2106,"No"
2107,"Yes"
2108,"No"
2109,"No"
2110,"Yes"
2111,"No"
2112,"No"
2113,"Yes"
2114,"No"
2115,"No"
2116,"No"
2117,"No"
2118,"No"
2119,"Yes"
2120,"No"
2121,"No"
2122,"No"
2123,"Yes"
2124,"No"
2125,"Yes"
2126,"No"
2127,"No"
2128,"No"
2129,"No"
2130,"Yes"
2131,"No"
2132,"No"
2133,"No"
2134,"Yes"
2135,"No"
2136,"Yes"
2137,"No"
2138,"Yes"
2139,"No"
2140,"No"
2141,"No"
2142,"No"
2143,"No"
2144,"No"
2145,"No"
2146,"No"
2147,"No"
2148,"No"
2149,"No"
2150,"No"
2151,"No"
2152,"Yes"
2153,"No"
2154,"Yes"
2155,"No"
2156,"No"
2157,"Yes"
2158,"Yes"
2159,"No"
2160,"Yes"
2161,"No"
2162,"No"
2163,"No"
2164,"No"
2165,"Yes"
2166,"No"
2167,"No"
2168,"No"
2169,"No"
2170,"No"
2171,"No"
2172,"No"
2173,"Yes"
2174,"No"
2175,"No"
2176,"No"
2177,"Yes"
2178,"No"
2179,"No"
2180,"No"
2181,"Yes"
2182,"No"
2183,"No"
2184,"No"
2185,"No"
2186,"No"
2187,"Yes"
2188,"No"
2189,"No"
2190,"No"
2191,"Yes"
2192,"No"
2193,"No"
2194,"No"
2195,"No"
2196,"No"
2197,"Yes"
2198,"Yes"
2199,"No"
2200,"No"
2201,"No"
2202,"Yes"
2203,"Yes"
2204,"Yes"
2205,"No"
2206,"No"
2207,"No"
2208,"No"
2209,"No"
2210,"No"
2211,"No"
2212,"No"
2213,"No"
2214,"No"
2215,"No"
2216,"No"
2217,"No"
2218,"No"
2219,"No"
2220,"No"
2221,"No"
2222,"No"
2223,"No"
2224,"No"
2225,"No"
2226,"No"
2227,"No"
2228,"Yes"
2229,"No"
2230,"No"
2231,"No"
2232,"No"
2233,"No"
2234,"Yes"
2235,"No"
2236,"No"
2237,"No"
2238,"No"
2239,"Yes"
2240,"No"
2241,"No"
2242,"No"
2243,"No"
2244,"Yes"
2245,"No"
2246,"No"
2247,"No"
2248,"No"
2249,"Yes"
2250,"No"
2251,"No"
2252,"No"
2253,"No"
2254,"Yes"
2255,"No"
2256,"Yes"
2257,"No"
2258,"No"
2259,"No"
2260,"No"
2261,"No"
2262,"No"
2263,"No"
2264,"Yes"
2265,"Yes"
2266,"No"
2267,"No"
2268,"No"
2269,"No"
2270,"No"
2271,"No"
2272,"Yes"
2273,"No"
2274,"No"
2275,"Yes"
2276,"Yes"
2277,"No"
2278,"No"
2279,"No"
2280,"No"
2281,"Yes"
2282,"No"
2283,"Yes"
2284,"Yes"
2285,"No"
2286,"No"
2287,"No"
2288,"No"
2289,"No"
2290,"Yes"
2291,"No"
2292,"Yes"
2293,"Yes"
2294,"Yes"
2295,"Yes"
2296,"No"
2297,"No"
2298,"Yes"
2299,"No"
2300,"No"
2301,"No"
2302,"Yes"
2303,"No"
2304,"Yes"
2305,"No"
2306,"Yes"
2307,"No"
2308,"No"
2309,"Yes"
2310,"No"
2311,"Yes"
2312,"No"
2313,"Yes"
2314,"No"
2315,"No"
2316,"No"
2317,"No"
2318,"No"
2319,"Yes"
2320,"No"
2321,"No"
2322,"No"
2323,"Yes"
2324,"No"
2325,"No"
2326,"No"
2327,"Yes"
2328,"No"
2329,"No"
2330,"No"
2331,"No"
2332,"No"
2333,"Yes"
2334,"No"
2335,"No"
2336,"No"
2337,"No"
2338,"No"
2339,"No"
2340,"No"
2341,"No"
2342,"No"
2343,"No"
2344,"Yes"
2345,"No"
2346,"No"
2347,"No"
2348,"No"
2349,"Yes"
2350,"Yes"
2351,"No"
2352,"No"
2353,"No"
2354,"No"
2355,"No"
2356,"No"
2357,"No"
2358,"No"
2359,"Yes"
2360,"No"
2361,"Yes"
2362,"No"
2363,"No"
2364,"Yes"
2365,"No"
2366,"No"
2367,"No"
2368,"No"
2369,"Yes"
2370,"No"
2371,"No"
2372,"Yes"
2373,"No"
2374,"No"
2375,"No"
2376,"No"
2377,"No"
2378,"No"
2379,"No"
2380,"No"
2381,"No"
2382,"No"
2383,"No"
2384,"No"
2385,"Yes"
2386,"No"
2387,"No"
2388,"No"
2389,"No"
2390,"No"
2391,"No"
2392,"Yes"
2393,"No"
2394,"No"
2395,"No"
2396,"No"
2397,"No"
2398,"Yes"
2399,"No"
2400,"No"
2401,"No"
2402,"Yes"
2403,"No"
2404,"No"
2405,"No"
2406,"No"
2407,"Yes"
2408,"No"
2409,"No"
2410,"Yes"
2411,"No"
2412,"No"
2413,"No"
2414,"Yes"
2415,"No"
2416,"No"
2417,"Yes"
2418,"Yes"
2419,"No"
2420,"No"
2421,"Yes"
2422,"Yes"
2423,"No"
2424,"No"
2425,"Yes"
2426,"Yes"
2427,"No"
2428,"Yes"
2429,"No"
2430,"No"
2431,"No"
2432,"No"
2433,"Yes"
2434,"No"
2435,"No"
2436,"Yes"
2437,"No"
2438,"No"
2439,"No"
2440,"Yes"
2441,"No"
2442,"Yes"
2443,"No"
2444,"No"
2445,"No"
2446,"No"
2447,"No"
2448,"No"
2449,"No"
2450,"No"
2451,"No"
2452,"Yes"
2453,"Yes"
2454,"No"
2455,"No"
2456,"No"
2457,"No"
2458,"No"
2459,"No"
2460,"No"
2461,"No"
2462,"No"
2463,"No"
2464,"No"
2465,"No"
2466,"Yes"
2467,"No"
2468,"Yes"
2469,"Yes"
2470,"Yes"
2471,"No"
2472,"No"
2473,"No"
2474,"Yes"
2475,"Yes"
2476,"Yes"
2477,"No"
2478,"Yes"
2479,"No"
2480,"Yes"
2481,"No"
2482,"Yes"
2483,"No"
2484,"No"
2485,"No"
2486,"Yes"
2487,"No"
2488,"No"
2489,"No"
2490,"Yes"
2491,"No"
2492,"Yes"
2493,"Yes"
2494,"No"
2495,"No"
2496,"Yes"
2497,"No"
2498,"No"
2499,"No"
2500,"No"
2501,"No"
2502,"Yes"
2503,"No"
2504,"No"
2505,"No"
2506,"Yes"
2507,"No"
2508,"No"
2509,"Yes"
2510,"No"
2511,"Yes"
2512,"No"
2513,"Yes"
2514,"Yes"
2515,"No"
2516,"No"
2517,"Yes"
2518,"No"
2519,"No"
2520,"No"
2521,"Yes"
2522,"Yes"
2523,"No"
2524,"No"
2525,"Yes"
2526,"No"
2527,"Yes"
2528,"No"
2529,"Yes"
2530,"No"
2531,"No"
2532,"No"
2533,"No"
2534,"No"
2535,"No"
2536,"Yes"
2537,"Yes"
2538,"No"
2539,"No"
2540,"Yes"
2541,"No"
2542,"No"
2543,"No"
2544,"No"
2545,"Yes"
2546,"No"
2547,"No"
2548,"No"
2549,"No"
2550,"Yes"
2551,"No"
2552,"No"
2553,"Yes"
2554,"No"
2555,"Yes"
2556,"Yes"
2557,"No"
2558,"No"
2559,"No"
2560,"No"
2561,"No"
2562,"No"
2563,"Yes"
2564,"No"
2565,"No"
2566,"No"
2567,"No"
2568,"Yes"
2569,"No"
2570,"Yes"
2571,"No"
2572,"No"
2573,"Yes"
2574,"Yes"
2575,"Yes"
2576,"No"
2577,"No"
2578,"No"
2579,"No"
2580,"No"
2581,"No"
2582,"No"
2583,"No"
2584,"No"
2585,"No"
2586,"No"
2587,"No"
2588,"No"
2589,"Yes"
2590,"No"
2591,"No"
2592,"Yes"
2593,"No"
2594,"No"
2595,"No"
2596,"No"
2597,"Yes"
2598,"No"
2599,"No"
2600,"Yes"
2601,"No"
2602,"Yes"
2603,"No"
2604,"No"
2605,"Yes"
2606,"No"
2607,"No"
2608,"Yes"
2609,"No"
2610,"No"
2611,"No"
2612,"No"
2613,"Yes"
2614,"No"
2615,"Yes"
2616,"No"
2617,"Yes"
2618,"No"
2619,"No"
2620,"No"
2621,"No"
2622,"No"
2623,"No"
2624,"No"
2625,"No"
2626,"No"
2627,"No"
2628,"No"
2629,"Yes"
2630,"No"
2631,"Yes"
2632,"No"
2633,"No"
2634,"No"
2635,"Yes"
2636,"No"
2637,"No"
2638,"Yes"
2639,"No"
2640,"No"
2641,"Yes"
2642,"No"
2643,"No"
2644,"No"
2645,"No"
2646,"No"
2647,"No"
2648,"Yes"
2649,"Yes"
2650,"Yes"
2651,"Yes"
2652,"No"
2653,"Yes"
2654,"No"
2655,"Yes"
2656,"No"
2657,"No"
2658,"No"
2659,"No"
2660,"No"
2661,"No"
2662,"No"
2663,"No"
2664,"No"
2665,"No"
2666,"No"
2667,"Yes"
2668,"No"
2669,"Yes"
2670,"No"
2671,"Yes"
2672,"No"
2673,"No"
2674,"No"
2675,"No"
2676,"Yes"
2677,"No"
2678,"Yes"
2679,"No"
2680,"No"
2681,"No"
2682,"No"
2683,"No"
2684,"No"
2685,"Yes"
2686,"No"
2687,"No"
2688,"Yes"
2689,"No"
2690,"No"
2691,"No"
2692,"No"
2693,"Yes"
2694,"No"
2695,"Yes"
2696,"No"
2697,"Yes"
2698,"No"
2699,"No"
2700,"No"
2701,"No"
2702,"Yes"
2703,"No"
2704,"No"
2705,"No"
2706,"No"
2707,"No"
2708,"No"
2709,"Yes"
2710,"Yes"
2711,"No"
2712,"No"
2713,"No"
2714,"No"
2715,"No"
2716,"No"
2717,"No"
2718,"No"
2719,"Yes"
2720,"No"
2721,"No"
2722,"Yes"
2723,"No"
2724,"No"
2725,"No"
2726,"No"
2727,"No"
2728,"No"
2729,"Yes"
2730,"No"
2731,"No"
2732,"Yes"
2733,"No"
2734,"No"
2735,"No"
2736,"No"
2737,"No"
2738,"No"
2739,"Yes"
2740,"No"
2741,"No"
2742,"No"
2743,"No"
2744,"No"
2745,"No"
2746,"Yes"
2747,"No"
2748,"No"
2749,"No"
2750,"Yes"
2751,"No"
2752,"No"
2753,"No"
2754,"No"
2755,"No"
2756,"No"
2757,"Yes"
2758,"No"
2759,"No"
2760,"No"
2761,"Yes"
2762,"No"
2763,"No"
2764,"No"
2765,"Yes"
2766,"No"
2767,"No"
2768,"No"
2769,"No"
2770,"No"
2771,"No"
2772,"No"
2773,"No"
2774,"Yes"
2775,"Yes"
2776,"No"
2777,"No"
2778,"No"
2779,"No"
2780,"No"
2781,"No"
2782,"No"
2783,"No"
2784,"Yes"
2785,"Yes"
2786,"No"
2787,"No"
2788,"No"
2789,"No"
2790,"Yes"
2791,"No"
2792,"No"
2793,"No"
2794,"No"
2795,"Yes"
2796,"No"
2797,"No"
2798,"No"
2799,"No"
2800,"Yes"
2801,"No"
2802,"No"
2803,"No"
2804,"Yes"
2805,"No"
2806,"No"
2807,"No"
2808,"Yes"
2809,"No"
2810,"No"
2811,"Yes"
2812,"No"
2813,"No"
2814,"No"
2815,"No"
2816,"No"
2817,"No"
2818,"No"
2819,"Yes"
2820,"No"
2821,"No"
2822,"No"
2823,"No"
2824,"No"
2825,"Yes"
2826,"No"
2827,"No"
2828,"No"
2829,"No"
2830,"No"
2831,"No"
2832,"No"
2833,"No"
2834,"Yes"
2835,"No"
2836,"No"
2837,"No"
2838,"No"
2839,"No"
2840,"No"
2841,"No"
2842,"No"
2843,"No"
2844,"No"
2845,"No"
2846,"Yes"
2847,"Yes"
2848,"No"
2849,"No"
2850,"No"
2851,"No"
2852,"Yes"
2853,"No"
2854,"No"
2855,"No"
2856,"Yes"
2857,"No"
2858,"No"
2859,"No"
2860,"Yes"
2861,"No"
2862,"No"
2863,"Yes"
2864,"No"
2865,"Yes"
2866,"No"
2867,"No"
2868,"No"
2869,"No"
2870,"Yes"
2871,"No"
2872,"No"
2873,"No"
2874,"No"
2875,"No"
2876,"No"
2877,"No"
2878,"No"
2879,"No"
2880,"No"
2881,"No"
2882,"No"
2883,"No"
2884,"No"
2885,"No"
2886,"No"
2887,"No"
2888,"No"
2889,"No"
2890,"No"
2891,"No"
2892,"No"
2893,"No"
2894,"No"
2895,"No"
2896,"No"
2897,"No"
2898,"Yes"
2899,"Yes"
2900,"Yes"
2901,"No"
2902,"Yes"
2903,"Yes"
2904,"No"
2905,"No"
2906,"No"
2907,"Yes"
2908,"No"
2909,"No"
2910,"Yes"
2911,"No"
2912,"No"
2913,"No"
2914,"No"
2915,"No"
2916,"No"
2917,"Yes"
2918,"No"
2919,"No"
2920,"No"
2921,"No"
2922,"No"
2923,"No"
2924,"No"
2925,"Yes"
2926,"Yes"
2927,"Yes"
2928,"No"
2929,"No"
2930,"No"
2931,"Yes"
2932,"Yes"
2933,"Yes"
2934,"No"
2935,"Yes"
2936,"No"
2937,"No"
2938,"Yes"
2939,"No"
2940,"Yes"
2941,"Yes"
2942,"No"
2943,"No"
2944,"No"
2945,"No"
2946,"Yes"
2947,"No"
2948,"No"
2949,"No"
2950,"No"
2951,"No"
2952,"No"
2953,"No"
2954,"No"
2955,"No"
2956,"No"
2957,"No"
2958,"No"
2959,"Yes"
2960,"Yes"
2961,"No"
2962,"Yes"
2963,"Yes"
2964,"No"
2965,"No"
2966,"Yes"
2967,"No"
2968,"No"
2969,"Yes"
2970,"Yes"
2971,"No"
2972,"Yes"
2973,"No"
2974,"Yes"
2975,"Yes"
2976,"Yes"
2977,"No"
2978,"No"
2979,"No"
2980,"No"
2981,"No"
2982,"No"
2983,"No"
2984,"No"
2985,"No"
2986,"No"
2987,"No"
2988,"No"
2989,"No"
2990,"Yes"
2991,"No"
2992,"Yes"
2993,"No"
2994,"No"
2995,"No"
2996,"No"
2997,"No"
2998,"Yes"
2999,"No"
3000,"No"
